nombre,especialidad,nombre_usuario,password
Dr. Carlos García López,Odontología General,dr.garcia,doc123
Dra. María Fernández Ruiz,Ortodoncia,dra.fernandez,doc456
Dr. Antonio Martínez Sánchez,Endodoncia,dr.martinez,doc789
Dra. Laura Pérez González,Periodoncia,dra.perez,doc101
Dr. José Rodríguez Díaz,Cirugía Oral,dr.rodriguez,doc202
Dra. Ana López Moreno,Odontopediatría,dra.lopez,doc303
Dr. Miguel Sánchez Torres,Implantología,dr.sanchez,doc404
Dra. Carmen Gómez Ruiz,Estética Dental,dra.gomez,doc505
